id,ISBN
25862578,9787544270878 
1770782,9787208061644 
2567698,9787536692930 
3259440,9787544242516 
3211779,9787544241694 
27614904,9787559614636 
1008145,9787020024759 
6082808,9787544253994 
1200840,9787020049295 
10594787,9787544258975 
3066477,9787536693968 
1016003,9787536340497 
4820710,9787530210291 
4908885,9787532751471 
1068920,9787806570920 
1141406,9787506261579 
1017143,9787532731077 
1040771,9787208050037 
1041007,9787020033430 
1361264,9789573305545 
1057244,9787537823425 
1023045,9787108018809 
20427187,9787549529322 
3995526,9787108032911 
1054685,9787500627098 
3369600,9787544242820 
1865089,9787532739578 
26278687,9787201088945 
2070844,9787530208922 
1209899,9787531324362 
1449352,
26610864,9787201094014 
1767945,9787531719199 
1043815,9787020028115 
1082334,9787530201244 
1085799,9787020026906 
1022060,9787535427304 
1254588,9787500652045 
1089243,9787536025080 
1090043,9787536023918 
1046265,9787532725694 
3646172,9787544244428 
2159042,9787532742929 
3136271,9787532744756 
1080370,9787201048161 
4742918,9787544247269 
1059419,9787532734191 
3071717,9787806859988 
2136140,9787530208960 
1253310,9787539921969 
1039752,9787532726172 
26889236,9787544285377 
1291809,9787532730001 
1015452,9787532726745 
2158189,9787532743001 
4885241,9787544247252 
5502995,9787544249867 
1020670,9787532728893 
1058661,9787806992197 
25858680,9787544270779 
26309691,9787549563494 
11584574,9787540457228 
6975925,9787549507887 
3597825,9787544708531 
1045352,9787500436966 
1033825,9787020025862 
1046209,9787020017713 
3608208,9787544244190 
1036274,9787532733415 
1071241,9787020033454 
3554154,9787545202267 
1039487,9787020033447 
1056733,9787538262537 
1009257,9787020034635 
6857344,9787538294101 
5993314,9787305081323 
3576486,9787544243889 
1085470,9787806574317 
1052990,9787534618727 
1064841,9787533915889 
1318622,9787534633362 
1019568,9787020008728 
1008357,9787020008742 
1883245,9787200065039 
1042053,9787020036189 
1053088,9787532528684 
1483894,9787805200132 
1085860,9787532712243 
1014578,9787503915864 
1418686,9787539921624 
1082150,9787536025097 
1082406,9787561327470 
3518332,9787538725230 
27013716,9787530216590 
1085883,9787536025103 
1763806,9787531719250 
3264665,9787545201475 
6902319,9787530211274 
1776683,9787531719182 
20441957,9787506365697 
24540864,9787513312103 
1401425,9787532129027 
1082154,9787544210966 
1082138,9787544211727 
1061118,9787532125944 
1703544,9787532129843 
26291216,9787530214657 
20406553,9787506365673 
20397280,9787506365574 
4882133,9787506354257 
1398395,9787807240648 
1426971,9787806767245 
3344676,9787563379637 
20425053,9787533935498 
3860856,9787547000564 
5275059,9787512500983 
3642673,9787563383870 
1014278,9787536021440 
1963684,9787530208694 
3017857,9788781074519 
10757940,9787530211168 
1082162,9787536023925 
10757939,9787530211151 
3616310,9787530209981 
10757941,9787530211175 
10757942,9787530211182 
1985223,9787530208656 
11614508,9787530211137 
1024468,9787806990346 
26333998,9787530214695 
1015403,9787500438847 
3803820,9787530209578 
1080309,9787020033645 
3633461,9787535439765 
3012517,9787506342490 
1069848,9787108016751 
1041366,9787101007473 
1058679,9787108016850 
1855364,9789859438851 
1022914,9787101003772 
1291211,9787500637912 
2988964,9787108027467 
2988970,9787108027498 
4912688,9787108034571 
1006781,9787108016775 
1205054,9787020017164 
1258498,9787543425651 
1051193,9787806812297 
2154960,9787532741571 
1006197,9787020035946 
1449348,
1157014,9787500655718 
1203363,9787532523337 
26285194,9787201089560 
5905348,9787549500130 
1856285,9787530945728 
11601199,9787101085785 
2005705,9787301114919 
1201620,9787200050349 
1083762,9787563349128 
1062343,9787563345809 
1465543,
3136255,9787532745364 
6538430,9787201070711 
3757732,9787108031150 
26271420,9787807658153 
5404162,9787532751556 
1051524,9787537933322 
26352569,9787511725813 
4920007,9787532751655 
6711405,9787532755202 
25900384,9787532766635 
1016486,9787532731282 
25900973,9787532766444 
25900366,9787532766413 
1400705,9787532736874 
3908240,9787532748006 
25861387,9787532765775 
1400707,9787532736942 
1793713,9787532739011 
1400717,9787532736898 
1793721,9787532739202 
2147647,9787532741878 
3571554,9787532746125 
2003634,9787506338752 
1793718,9787532739073 
26879325,9787549588879 
10529099,9787538739855 
4169342,9787503940125 
26602392,9787201094359 
26755503,9787201102177 
3122531,9789573403692 
1040211,9787501408580 
1827374,9787020056309 
3006581,9787020065394 
26877752,9787544285148 
25924253,9787544267618 
26864984,9787544285025 
24153048,9787513311632 
24859822,9787513312929 
1358873,9789577452443 
1346815,9789574557806 
26414020,9787556212743 
24754316,9787540462642 
4231381,9787539931494 
2053249,9787544701754 
1003000,9787801453648 
1958227,9787806737842 
28659562,9787513598255 
1020459,9787507515121 
4009552,9787544245272 
26413027,9787540471842 
3102324,9787807001508 
4152754,9787544245852 
3713327,9787509005125 
1192090,9787536455382 
10767124,9787535458667 
26807573,9787511360809 
26295448,9787544752473 
26210607,9787539964188 
1948901,9787505722835 
1829226,9787020054985 
5916880,9787802443914 
4871447,9787802288621 
1812439,9787105077502 
3879301,9787539932811 
1461903,9787505414709 
2022979,9787802282674 
1886385,9787802281127 
2283084,9787506341110 
3426869,9787544138000 
2295163,9787020063659 
25825717,9787549223220 
6434543,9787549204304 
26962859,9787550297142 
1336330,9787536671256 
1321017,9787801876942 
1255624,9787108006660 
27198567,9787540483012 
1919201,9787530208687 
1049219,9787500658917 
1559310,9787108006691 
26886310,9787540477950 
2326571,9787505417670 
26939973,9787550293342 
3122534,9789573403708 
26840298,9787513322331 
3187737,9787802255036 
26923390,9787222143975 
1009160,9787506322522 
3394338,9787807592099 
24851617,9787201081939 
3009033,9787807591450 
1063245,9787506327466 
1034108,9787208035164 
1914078,9787539135304 
25931540,9787550232204 
5292912,9787512501089 
1440101,9787807321125 
3279242,9787807592129 
2230208,9787802283930 
1470158,9787544222495 
2115040,9787802283398 
1030153,9787806154502 
1484300,9789622573697 
2284090,9787802284258 
1046172,9787806154441 
1613372,9787544222440 
1957045,9787536048720 
3439439,9787510400681 
1051797,9787806154243 
1322158,9787801876379 
1470159,9787544222617 
1361268,9789622570597 
1873231,9787505722460 
3674537,9787801656087 
1036490,9787806399057 
6710437,9787530211113 
1029111,9787806399071 
2068249,9787530208915 
1060068,9787806398791 
3607117,9787530209691 
6558707,9787530211076 
6558705,9787530211106 
1065239,9787806399095 
3698390,9787530209998 
6820477,9787530211021 
6815826,9787530211014 
6558709,9787530211069 
6558708,9787530211090 
1440243,9787100046084 
1529893,9787506335867 
1063190,9787506324298 
1029159,9787506319850 
6710720,9787540450274 
1016523,9787500426721 
1065970,9787544219570 
25898124,9787530213988 
26785701,9787530215814 
1058234,9787544226745 
20413794,9787530212738 
26900050,9787508668628 
1436348,9787506329835 
1818347,9787020056088 
1807516,9787020056293 
1903164,9787020058013 
1076045,9787108012555 
1082319,9787806553350 
1058956,9787108006677 
1212908,9787806553329 
3155622,9787505724358 
2009825,9787806739679 
10468852,9789862296103 
1668021,9787800397530 
6437035,9787539945057 
4833933,9787539937243 
6139592,9787539943893 
3561591,9787807650942 
3123939,9787537830782 
2062200,9787535434432 
1016300,9787531325093 
1059406,9787531325758 
4818929,9787535443144 
4038164,9787535441041 
6828611,9787535451552 
3056892,9787535436900 
4920037,9787535441768 
1049189,9787531328858 
4920036,9787535445568 
2700656,9787535436139 
1006881,9787532734160 
1041550,9787806277713 
1948502,9787531331261 
1006646,9787531325413 
25752955,9787532763863 
26314932,9787550012295 
4898551,9787208094123 
24383185,9787535662194 
21460732,9787532760800 
2972547,9789571036489 
20473089,9787208111820 
3920144,9789861735498 
21979017,9787208113039 
20370889,9787208111028 
27124847,9787559609502 
1040104,9787806572504 
4874131,9787535445582 
25829434,9787540465995 
3598313,9787535439802 
3665874,9789862131176 
1070441,9787108016942 
1021847,9787538262544 
10553760,9787511008053 
1059937,9787538269512 
1061367,9787538265880 
6007431,9787511004345 
1013248,9787108016935 
1049190,9787538269529 
20418203,9787511010971 
4237837,9787801388025 
1761056,9787801887054 
1049354,9787538268140 
1367964,9789867975553 
1045247,9787544217651 
1028780,9787544217637 
3053868,9787530209219 
1032945,9787544217644 
26434140,9787020107674 
3176766,9787530209295 
19989621,9787530212547 
3264136,9787530209356 
26126183,9787020103294 
19898714,9787020094929 
3338175,9787020068753 
26984868,9787020125166 
1028779,9787020035472 
26126497,9787020103300 
26126545,9787020103355 
26126139,9787020103324 
25840545,9787020102860 
26126498,9787020103317 
1214898,9787020043354 
1422833,9787806152614 
1264579,9787806070628 
1089512,9787806070697 
1089521,9787806070703 
1704006,9787806073216 
1089511,9787806070642 
20516996,9787807657743 
20516999,9787807657729 
1480630,9787806894125 
21778489,9787807658085 
1089518,9787806070598 
20516998,9787807657736 
1089510,9787806070666 
1089515,9787806070574 
20516992,9787807657767 
20516997,9787807657750 
4780102,9787539035154 
5940434,9787539038544 
1344548,9789574556861 
1475048,9789574559510 
26411083,9787550251359 
2258803,9789861790725 
1336968,9789574558445 
25810830,9787550215436 
25789620,9787550215412 
1780565,9789861790046 
26591331,9787535482822 
5988597,9787222069732 
6773643,9787546366708 
1291760,9787801876553 
7047148,9787544256407 
1007334,9787805959177 
1326828,9787501225644 
2271450,9787201055541 
1256186,9787801875310 
1442920,9787501226764 
1010520,9787801874719 
1478487,9787801879981 
26133411,9787550238039 
26134061,9787550238022 
2114580,9787600600229 
3177087,9787807592716 
2382711,9787201057378 
1313159,9787801876348 
5938338,9787547013465 
2382709,9787201057354 
1476533,9787501227747 
1467382,9787501227372 
1313156,9787801876331 
1440089,9787531814597 
5403007,9787535446381 
1227838,9787531328865 
4746554,9787535443212 
6088152,9787535450609 
11505945,9787535457462 
26262056,9787535476814 
6511745,9787535451569 
2342023,9787535435682 
1069071,9787531328056 
25730234,9787535466211 
2298304,9787535435699 
26821459,9787020118021 
27124852,9787559609557 
1018153,9787506331753 
5340278,9787532135042 
5341136,9787532139842 
4727980,9787539936406 
10451782,9787532142767 
1914572,9787802063501 
26220763,9787530214534 
1074841,9787506326254 
25895467,9787530213964 
1041482,9787108009821 
1003479,9787108015280 
5366248,9787549501076 
1813841,9787532739233 
26943161,9787508672069 
10471333,9787108037909 
4242172,9787307075429 
1775691,9787807023777 
3533221,9787508051000 
1476651,9787115138804 
10786473,9787514205039 
1056295,9787800875830 
1786387,9787300072487 
3026879,9787532745159 
2328458,9787561756638 
2340100,9787508044019 
10785583,9787508633558 
6811366,9787229040369 
1792668,9787561335017 
5346110,9787208095328 
26929955,9787308164207 
1037602,9787108011114 
6152040,9787308086141 
1795079,9787208062153 
25836270,9787542645715 
1062193,9787563344970 
26576861,9787213067792 
3813669,9787542629586 
1027191,9787108010186 
3162991,9787807463726 
2143732,9787208072107 
4818177,9787108034687 
1941558,9787209041065 
26417490,9787535672100 
1017818,9787563350964 
1040466,9787563349890 
26435510,9787544278591 
4282084,9787532750047 
6781808,9787544722766 
3323633,9787115188120 
4230237,9787563394180 
26664522,9787115404404 
6790599,9787508629902 
1827702,9787111184829 
2035179,9787532741854 
1321789,9787536671805 
26848051,9787535678096 
4082434,9787563390939 
5408858,9787508624914 
1070711,9787108018168 
1326833,9787806578575 
1009270,9787530626054 
1850710,9787530644768 
1393903,9787112052028 
2247913,9787112088676 
1431870,9787536673724 
27069101,9787547724941 
25886351,9787513903509 
3406401,9787208081628 
1228110,9787020049929 
3649782,9787020069828 
5990251,9787308083782 
1433411,9787108000002 
3836566,9787532748549 
7174792,9787515502397 
4171951,9787020078127 
27062726,9787516812969 
26717137,9787201094601 
1032063,9787100022040 
3057556,9787563374625 
3101021,9787108029157 
1468426,9787100017510 
1291204,9787100013239 
10750155,9787115282828 
1102715,9787030107596 
2124114,9787542843876 
2201479,9787312018381 
1675478,9787108022943 
1015699,9787108010360 
1949338,9787505722859 
1046492,9787100017664 
10434849,9787510812675 
4842446,9787108034731 
1191433,9787501400614 
1859140,9787108025104 
3888123,9787532748440 
20441569,9787542639943 
2040853,9787807133926 
5375620,9787513300711 
1012307,9787108017949 
1036541,9787108017956 
2083981,9787530647103 
1009789,9787212003760 
7000811,9787510809941 
1011215,9787309032437 
26759508,9787508660455 
1037060,9787020037704 
1076685,9787530624227 
5246800,9787300126210 
25810506,9787508643298 
26708306,9787807681014 
6712255,9787549506200 
1958685,9787802113794 
25774379,9787108047854 
3095037,9787506287111 
1047719,9787108001252 
20387173,9787532280964 
1154707,9787532228706 
1441853,9787806740651 
5263615,9787531724834 
1951547,9787531719540 
1036613,9787020036509 
27012140,9787541146343 
3100584,9787802401655 
1012117,9787507820294 
26649304,9787532770892 
1009043,9787020018550 
2359052,9787108028433 
1004699,9787100011662 
1216737,9787010040592 
1063852,
26107897,9787108050984 
26354440,9787509772775 
1042434,9787806178591 
20440053,9787508637242 
26431326,9787508653167 
1476213,9789622019874 
25938605,9787509752647 
26700745,9789900187813 
25752592,9787508641614 
3055477,9787530952009 
1491537,9787806817919 
26820347,9787020116133 
3297466,9787802254817 
1963912,9787505722453 
1409704,9787309033267 
1038746,9787200047189 
10491608,9787108039972 
1015748,9787500425144 
1443638,9787500424178 
1028268,9787500402442 
1005813,9787108011046 
2155342,9787802253162 
26265303,9787508648064 
10763902,9787540455958 
24934182,9787550213524 
7060185,9787532756728 
1962923,9787108026040 
1050339,9787806276983 
26371317,9787513559263 
26609645,9787550260917 
26986954,9787020125265 
27204805,9789862138533 
20492971,9787541135729 
1082349,9787544225502 
27176353,9787550315242 
26584286,9787115402172 
24753751,9787508639772 
6938350,9787538737905 
5325618,9787500695356 
26717928,9787208135260 
4246151,9787503941832 
26899220,9787210088004 
20470917,9787540459246 
1393447,9787108020987 
26708780,9787540474065 
27203505,9787513328999 
25753361,9787508641225 
3834938,9787545801026 
3266968,9787507419887 
6526752,9787544717205 
3158482,9787807601944 
24758481,9787508640099 
26392337,9787210071976 
24863163,9787108045157 
2347737,9787300087016 
6807767,9787540750749 
25717097,9787530467558 
3318174,9787807027577 
7067916,9787530455234 
26876440,9787302445326 
27029890,9787201116693 
6507262,9787510418433 
25891771,9787550230415 
26642866,9787550015432 
1223845,9787807021711 
1444900,9787501950423 
5287474,9787547012123 
5344908,9787501239290 
5356342,9787547203460 
3875750,9787229007010 
11442509,9787218078106 
26319527,9787533941628 
4262114,9787506352291 
5356341,9787547203477 
1018426,9787506415408 
23860392,9787313095312 
1440885,9787536046313 
25917319,9787539050911 
2000641,9787800892080 
25732461,9787544266741 
4746128,9787563398362 
26826899,9787544284059 
25849536,9787539972589 
10566257,9787111375906 
1028842,9787111126768 
3719533,9787301150894 
3000997,9787300088549 
26582558,9787301258699 
1970428,9787508607719 
11626951,9787301211106 
1322025,9787111165170 
1020644,9787801125217 
1048007,9787500649038 
27179563,9787508682624 
3432304,9787535438782 
26270679,9787539977645 
4243770,9787508618739 
5382213,9787547012840 
5939751,9787300129266 
26290085,9787513636124 
1046164,9787111133032 
25942507,9787508645131 
20473412,9787508637396 
4912165,9787802493094 
24854628,9787550216525 
4249967,9787544245890 
27094706,9787121320309 
3291111,9787544242684 
26590267,9787113156879 
1095634,9787500827399 
2051332,9787501780044 
27009488,9787514340921 
11516567,9787560982489 
5921213,9787801709394 
1087737,9787502815226 
1182173,9787505841833 
1728725,9787508605586 
3043970,9787111235668 
26849910,9787516176122 
6974582,9787515303628 
26427930,9787113203337 
4899351,9787508620893 
6509957,9787547603611 
2223180,9789579613590 
2380307,9787508610610 
2064450,9787213035036 
25968115,9787508646534 
3313327,9787508613420 
3151575,9787508612102 
4010186,9787508616445 
6052860,9787508626482 
5379353,9787213044083 
1852664,9787563713561 
26655503,9787550260849 
1034282,9787535732309 
1467022,9787538276374 
11445548,9787508634159 
26838557,9787508663814 
5914587,9787560970189 
1477390,9787121022982 
4199741,9787115216878 
3227098,9787115179289 
4822685,9787121106101 
2243615,9787508353937 
26697350,9787542654434 
27168433,9787508682426 
6749832,9787535767134 
3930318,9787542848048 
5394309,9787115243249 
6523997,9787111348665 
6792322,9787115261410 
2297549,9787111223108 
